{
  "pop_smoke_invincible": {
    "lufs": -7.921651997012067,
    "peak": 8.686661818707667e-12,
    "rms": -9.255458776497004,
    "width": -12.502512751898514,
    "corr": 0.8935887694962087,
    "bands_rel": {
      "sub": 0.0,
      "bass": -8.574176788330078,
      "lowmid": -14.362167358398438,
      "mid": -22.585716247558594,
      "high": -31.226879119873047,
      "air": -38.17545986175537
    },
    "crest": 9.25545877650569
  },
  "migos_bad_and_boujee": {
    "lufs": -9.404495801620257,
    "peak": 8.686661818707667e-12,
    "rms": -9.030930475763153,
    "width": -23.683491718359697,
    "corr": 0.9914725123891719,
    "bands_rel": {
      "sub": 0.0,
      "bass": -16.568984985351562,
      "lowmid": -19.147567749023438,
      "mid": -23.818328857421875,
      "high": -33.72231101989746,
      "air": -40.256914138793945
    },
    "crest": 9.03093047577184
  },
  "smino_90_proof": {
    "lufs": -8.443499915225198,
    "peak": 8.686661818707667e-12,
    "rms": -9.146616537377803,
    "width": -15.287494580839518,
    "corr": 0.9428472282776954,
    "bands_rel": {
      "sub": 0.0,
      "bass": -9.625144958496094,
      "lowmid": -16.484167098999023,
      "mid": -21.112844467163086,
      "high": -34.85247611999512,
      "air": -43.46562838554382
    },
    "crest": 9.146616537386489
  },
  "travis_stargazing": {
    "lufs": -7.134635500451677,
    "peak": 8.686661818707667e-12,
    "rms": -8.406989601229405,
    "width": -14.943412620720428,
    "corr": 0.9379301708981402,
    "bands_rel": {
      "sub": 0.0,
      "bass": -11.579803466796875,
      "lowmid": -18.422149658203125,
      "mid": -22.40228271484375,
      "high": -31.096920013427734,
      "air": -38.4220552444458
    },
    "crest": 8.406989601238092
  },
  "style_map": {
    "drill": "pop_smoke_invincible",
    "trap_hype": "migos_bad_and_boujee",
    "rnb_harmony": "smino_90_proof",
    "psychedelic": "travis_stargazing"
  }
}