{
  "lufs": -9.147396806265062,
  "peak": 8.686661818707667e-12,
  "rms": -10.940593926419666,
  "width": -13.506218466735518,
  "corr": 0.9122681493667025,
  "crest": 10.940593926428354,
  "bands_rel": {
    "sub": 0.0,
    "bass": -5.54257074991862,
    "lowmid": -12.307950973510742,
    "mid": -20.746352513631184,
    "high": -28.74766667683919,
    "air": -37.504822850227356
  },
  "lufs_std": 1.4330200373632247,
  "width_std": 1.167362586758027,
  "bands_std": {
    "sub": 0.0,
    "bass": 3.7681814771057636,
    "lowmid": 3.9333962590248177,
    "mid": 4.209566153103955,
    "high": 5.198027113819839,
    "air": 5.466599592720933
  },
  "sources": [
    "Sleepy Hallow - 2055",
    "Pop Smoke - Dior",
    "Juice WRLD - Lucid Dreams"
  ]
}